Set #,Base,Literally similar story,True Analogy Story,False Analogy Story,Mere-Appearance Match,New Mere-Appearance Match
,Source story,"Similar to Base in entities (objects and characters,) first-order relations, and higher-order relations (chiefly causal relations )",Similar to Base in higher-order relations and many (though not all)  first-order relations : dissimilar in entities,First-order relational match.  Similar to Base in first-order relations ; dissimilar in entities  and higher-order relations,"Similar to Base in entities and first-order relations but not in higher-order relations  (ie, Surface-similar).",Entities-only match. Matches the base in entities only.
1,"William was a patient in a psychiatric hospital who was confined indoors almost all the time. He could never pass the monthly room inspections so he hated them. He spent most of his time daydreaming about food.
A few day before the April inspection William's room was still a mess since he had done nothing but daydream. To provide William with an incentive, the nurse promised him some gingerbread from the cookie shop if he scrubbed his room and put it in order once and for all.
William was overjoyed. But there was no longer enough time for him to put it in order. As a result, he did not pass the inspection and did not get any gingerbread.
William sulked all day and slammed his door so hard the plaster cracked, but he still didn't get any gingerbread.","Kevin was a shut-in at a mental institution. He always did poorly at the weekly bedroom checks so he disliked them. About the only thing Kevin liked to do was eat.
Not long before the last check of the year, Kevin's bedroom was still a disaster because he had spent all his time daydreaming. To motivate him, the matron promised Kevin a cake from the bakery if he cleaned and organized his bedroom.
This made Kevin extremely happy. But he was too far behind in his cleaning to get his bedroom ready in time. Consequently, he didn't get a cake after all.","Karen always did poorly in high school so she despised it. But she loved vacations. She spent most of her time dreaming about going to Hawaii.
Not long before the end of her fourth year Karen was not doing at all well in her classes because she had spent all her time daydreaming. To motivate her, Karen's father promised her that if she did well enough during the next few weeks to graduate from high school he would pay for her trip to Hawaii.
This made Karen extremely happy. But she was too far behind in her classes. Consequently she failed too many and did not go to Hawaii.
","Karen disliked high school so she always had trouble getting passing grades in her classes. Vacations were her favorite part of the school year.
Not long before the end of her fourth year of school, Karen was not doing well at all because she despised school. To motivate her, Karen's father promised her a trip to Hawaii if she would just pass enough of her classes to graduate.
This made Karen extremely happy. During the last few weeks of school she spent most of her time dreaming about Hawaii and preparing for her trip there. Consequently, she failed to graduate and she did not get to go.","Kevin was a shut-in at a mental institution. He disliked cleaning his room so he always failed the weekly bedroom checks. About the only thing Kevin liked to do was eat.
Not long before the last check of the year, Kevin's bedroom was still a disaster because he despised cleaning. To motivate him, the matron promised Kevin a cake from the bakery if he cleaned and organized his bedroom.
This made Kevin extremely happy. During the next few days he spent most of his time dreaming about the bakery and deciding what kind of cake to get. Consequently, he didn't clean his bedroom and did not get a cake after all.","Kevin was a shut-in at a mental institution. He loved to paint so he was also assigned the job of painting the recreation room. Every day one of the matrons stopped by to watch him paint. At lunch he used to go to the institution's bakery and get some cake. Unfortunately, this led to problems because he tended to drop cake crumbs into the paint. Luckily for him, when the matron visited she didn't notice that the rec room was not very neatly done."
2,"Mr. Newton was the manager of a company that made razors. One year, an inventor in his company perfected a metal that would stay sharper than any previous razor.
However, not long after that, Mr. Newton was using one of these new razors and he cut his neck rather severely. As a result of this incident the inventor recommended a safety feature that would protect people from injuring themselves.
After what had happened, Mr. Newton considered the safety feature absolutely necessary. The incident had alarmed him so much that he began to produce the safety razor right away. Luckily, his neck did not get infected so everything was alright.","Mr. Boyce was director of manufacturing shaving knives for Gilette Company. In 1980 an engineer in his company perfected a steel alloy that would keep a finer edge than any previous blade. But later, when Mr. Boyce was using one of these new knives he slashed his throat pretty seriously. Because of this accident, the engineer recommended a new protective part that would prevent people from hurting themselves with the blade.
After this, Mr. Boyce considered the protective part absolutely necessary. The accident frightened him so much that he had the protective part developed immediately.","Ms. Boyce was in charge of installing heat lamps sold by the Smith Tan Company. In 1980, a supplier for the company perfected a filament that could produce more intense heat than any previous filament.
But later, when Ms. Boyce was using one of these new heat lamps herself she was seriously burned. Because of this accident the supplier recommended a warning label that would protect people from hurting themselves with the new lamp.
After this, Ms. Boyce considered the labels absolutely necessary. The accident frightened her so much that she had the labels printed immediately.","Ms. Boyce was in charge of installing sun lamps sold by Smith Tan Company. In 1980, a supplier for the company perfected a filament that could produce more intense heat than any previous filament. Because it was so hot, the supplier recommended a warning label that would protect people from hurting themselves with the new lamp.
But Mrs. Boyce considered the labels unnecessary. It would be too much trouble to make them.
But later, when she was using one of these new heat lamps herself, she was seriously burned. After this accident she was so frightened that she had the warning labels printed immediately.","Mr. Boyce was director of manufacturing shaving knives for Gilette Company. In 1980, an engineer in his company perfected a steel alloy that would keep a finer edge than any previous blade. Because it was so sharp, the engineer also recommended a new protective part that would prevent people from hurting themselves with the blade.
But Mr. Boyce considered the protective part unnecessary. It would be too expensive to incorporate.
But later, when he was using one of these new blades, he slashed his own throat pretty seriously. After this accident he was so frightened that he had the protective part developed immediately","One day while Mr. Boyce was shaving, an employee burst into his office and told him a protective shield on one of their machines had broken. Unfortunately, this happened in the part of the factory that made sharp implements. As a result of the breakage several employees had nearly slashed themselves. Because workers were nervous, production slowed down a great deal. Therefore, Mr. Boyce called in one of his engineers. The engineer designed a better protective shield than had been on the machines before. Mr. Boyce hoped that installing the new shield would not result in factory down time."
3,"Joseph was a millionaire who hired a chauffeur to drive his Rolls-Royce. He used to brag. to his wife that he would never be late for his conferences since he had hired a chauffeur.
One morning when he was in a great hurry, he went to find the chauffeur. But he was asleep. He thought his services would not be needed that day.
Thus Joseph was very late for his conference after all. To make sure this would not happen again, Joseph hired a second chauffeur. This turned out to be very expensive because the second chauffeur wanted a fancy uniform as well as a high salary.","Alexander was a wealthy man who employed a driver for his limousine. He liked to boast to his spouse that with his driver he would always be on time for his meetings.
One day when he was in a rush, he went to find the driver. But he was taking a nap. The driver thought it was his day off. Thus Alexander ended up missing his meeting. But to make sure he would not be late again, Alexander hired a second driver.","Alexander was a man who lived with his wife in his house a long time ago. He liked to boast to a friend that with his wife at home he would always eat well.
One day, when he was very hungry, Alexander went home to his wife. But she thought Alexander would be eating someplace else so she had only prepared enough for herself and their baby.
Thus Alexander went without dinner. But to make sure he would not go hungry again, Alexander married a second wife.","Many years ago there was man named Alexander who had two wives living in two houses: He liked to boast to a friend that with his two wives he would always eat well.
One day when he was very hungry, Alexander went to his first wife. But she had only prepared enough for herself and their baby. She thought Alexander would eat with his other wife that day.
Alexander then went to his second wife, but found she had already finished. She saw him go to the other house so she thought he was eating there.
Thus Alexander went without any dinner at all.","Alexander was a wealthy man who employed two drivers for his two limousines. He liked to boast to his spouse that with his two drivers he would always be on time for his meetings.
One day, when he was in a rush, Alexander went to the first driver. But he was taking a nap. The driver thought it was his day off.
Then Alexander called for the other driver, but he had already left. He had seen Alexander with the first driver so he thought he had the day off.
Thus, Alexander ended up missing his meeting.",NONE WRITTEN
4,"Karla, an old hawk, lived at the top of a tall oak tree.  One afternoon, she saw a hunter on the ground with a bow and some crude arrows that had no feathers.   The hunter took aim and shot at the hawk but missed.  Karla knew the hunter wanted her feathers so she glided down to the hunter and offered to give him a few.  The hunter was so grateful that he pledged never to shoot at a hawk again.  He went off and shot deer instead.",Once there was an eagle named Zerdia who nested on a rocky cliff.  One day she saw a sportsman coming with a crossbow and some bolts that had no feathers.  The sportsman attacked but the bolts missed.  Zerdia realized that the sportsman wanted her tailfeathers so she flew down and donated a few of her tailfeathers to the sportsman.  The sportsman was pleased.  He promised never to attack eagles again. ,"Once there was a small country called Zerdia that learned to make the world's smartest computer. One day Zerdia was attacked by its warlike neighbor, Gagrach.  But the missiles were badly aimed and the attack failed.  The Zerdian government realized that Gagrach wanted Zerdian computers so it offered to sell some of its computers to the country.  The government of Gagrach was very pleased.  It promised never to attack Zerdia again.","Once there was a small country called Zerdia that learned to make the world's smartest computer.  Zerdia sold one of itssupercomputers to its neighbor, Gagrach, so Gagrach would promise never to attack Zerdia. But one day Zerdia was overwhelmed by a surprise attack from Gagrach.  As it capitulated the crippled government of Zerdia realized that the attacker's missiles had been guided by Zerdian supercomputers.","Once there was an eagle named Zerdia who donated a few of her tailfeathers to a sportsman so he would promise never to attack eagles. One day Zerdia was nesting high on a rocky cliff when she saw the sportsman coming with a crossbow.  Zerdia flew down to meet the man, but he attacked and felled her with a single bolt. As she fluttered to the ground Zerdia realized that the bolt had her own tailfeathers on it.",There once was a sportsman who loved to hunt with just a crossbow and a bolt.   He liked to have the animals he caught stuffed and mounted.  But his pride and joy was an eagle he had found by a lucky accident.  He had been hiding in the top 
5,"Peter was a young man from Iceland who moved to Florida one summer. He was very self-conscious about his fair skin. Peter thought that people would not accept him unless he tanned himself golden-brown like every one else.
So Peter spent a whole day in the sun, trying to get a tan. He didn't understand how dangerous the sun could be. Consequently, by evening he had second degree burns over most of his body and he had to go to the hospital. Peter decided that Florida was not for him and booked the next ocean liner back to Iceland. He spent the whole trip under a large umbrella keeping cool.","Alfred was a young man from Sweden who was vacationing in Hawaii. He was annoyed at having to remain pale. He wanted to impress people with his dark tan.
So one day, Alfred spent the whole afternoon in the sun. He didn't realize what a risk being in the sun could be. As a result, by nightfall he had a terrible sunburn and needed medication. Alfred decided that Hawaii was not his style and decided to fly back to Sweden.","Quiggly Company was as small company that manufactured electrical components. One, year, Quiggly Co. began to get into the integrated circuit market. However, Quiggly Company felt that to be competitive it would have to have really sophisticated space factories, as did all the other manufacturers of integrated circuits. Thus, Quiggly put all its assets into having a space factory. The company just didn't realize what a financial risk space manufacturing was. As a result, within six months, Quiggly Company had spent much more than they could afford and their stocks plunged to an all time low. .Quiggly Co. decided to pull out of integrated circuits altogether and went back to making conventional electrical components.","Quiggly Company was a small company that manufactured conventional electrical components. They had just started producing integrated circuits and decided that the real action in the integrated circuit market was in space manufacturing. But the market analysts gave them a stern warning. They said that space factories were too expensive and that the market was too competitive. If Quiggly went into space manufacturing, the analysts predicted they would lose everything and their stock would plunge.
Quiggly Company was so annoyed at having to play it safe when everyone else had a chance to make a killing that they decided to go back to manufacturing conventional electric components.","Alfred was a man from Sweden who was vacationing in Hawaii. He wanted to impress his friends with a dark tan, so one day he went out to spend the. afternoon in the sun. But a doctor acquaintance chanced to pass by and gave Alfred a stern warning. If Alfred stayed in the sun, by nightfall he would have a terrible sunburn and would need medication.
Alfred was so annoyed at having to remain so pale when everyone else was tan that he decided to go back to Sweden.","Alfred was a young man with a Swedish last mane. Alfred lived in the Bahamas and had very dark skin because he spent a great deal of time in the sun.
Alfred had a job in a medical clinic and constantly saw people who had overdone it and gotten terrible sunburns. They were always embarrassed about being so silly. But Alfred never had any problems. In fact he would spend whole weekends sunning himself on a big pleasure cruiser."
6,"     Julius was a mule who discovered several pears sitting in a window sill.  He thought to himself, ""These pears seem to be rotten.  Perhaps I'll get some and find out if my prediction is correct.""
     However, the pears were too high for Julius.  And because he was hungry he felt too weak to jump up to them.  Naturally, this was rather disappointing.  He closed his eyes and went to sleep, dreaming about mountains of pears.","     A pony named Sidney found some apples resting on a beam in the barn.  ""Those apples really look wormy,"" Sidney thought to himself.  ""I think I'll try to get some so I can see if my hunch is right.""`
     But the apples were out of reach.  Needless to say, he could not climb up the ladder to get them.  Naturally Sidney became somewhat disappointed.","     A girl named Cindy found some records she was curious about at a record store.   ""These records look really bad,""  Cindy thought to herself.  ""I think I'll buy them so I can see if my hunch is right.""
     But, the records were too expensive for her.  After thinking it over, she saw there was no way she could afford them.  Needless to say, she became somewhat disappointed.","     A girl named Cindy found some records she wanted at a record store.  She really wanted them but, needless to say, they were too expensive for her.
     After brooding for awhile, Cindy got over her dissapointment.
     ""These records are probably boring,"" she thought.  ""So even if I could afford them I wouldn't listen to them.""","     A pony named Sidney found some apples resting on a beam in the barn.  He was starving, but they were out of reach.  Needless to say, he could not climb up the ladder to get them.
      After brooding for awhile, Sidney got over his disappointment. 
    ""These apples are probably all wormy,"" he thought.  ""So even if I could get one I would not want to eat it.""","     A pony named Sidney was pulling a cart of apples.  He was feeling very mischevious and decided to eat some.  So he pushed the cart up to the doorway of the barn and pushed it over.  Unfortunately they were spoiled, and so he became ill for the rest of the day."
7,"     Percy the mockingbird spent the whole warm season chirping and twittering.  When it began to get colder Percy visited a squirrel and sang a song for her, expecting to get some of the squirrel's sunflower seeds in return.  However, the squirrel was very disappointed in him.
     ""You are a terrible singer!"" she yelled.  ""I'm not giving you any of my wheat.""
     A tear  rolled down Percy's cheek, and he vowed to give up singing for good.","     A magpie named Sam sang all summer.  When winter came he paid a visit to a chipmunk and performed a ballad for her hoping she would give him some nuts in return.  However the chipmunk was not at all pleased.
     ""You don't deserve any nuts of mine!"" she exclaimed.  ""Your song was terrible.""","     Sam travelled all over the world buying beautiful things.  When he ran out of money he paid a visit to his mother and gave her a gift he bought while in Tibet, hoping she would give him a loan in return.  However, his mother was not at all pleased.  
     ""You don't deserve any money of mine!"" she exclaimed.  ""This is a piece of junk!""","     Sam travelled all over the world buying beautiful things.  When he ran out of money he paid a visit to his mother.  However, she was not at all pleased with him.
     ""While I have been hard at work you have been wasting your time,"" she said.  Sam gave her a gift he bought in Tibet, hoping she would give him a loan in return.  But she was still not pleased.  ""I will not give you any of my hard-earned money!"" she exclaimed.","     A magpie named Sam sang all summer.  When winter came he paid a visit to a chipmunk.  However, the chipmunk ws not at all pleased with Sam.
     ""You have wasted the summer while I have been hard at work!"" she said.  Sam performed a ballad for her hoping she would give him some nuts in return.  But she was still not pleased.  ""I will not give you any of my nuts!"" she exclaimed.","One unusually warm spell in February Sam the magpie thought ""this is my chance.""  He stood up on the edge of his nest and trilled proudly.  His song was so loud and cheerful that it woke a nearby chipmunk.  The chipmunk asked for another song.  He was so moved by Sam's talents that he forgot it was still winter and decided to go looking for nuts to store."
8,"A dog named Leonard was trotting along a dock holding a steak in his teeth. However, as he trotted he dropped it inadvertently and it disappeared into the lake. Thus, he was left without his dinner.
Then Leonard saw another dog with a steak. Because he had lost his own steak he tried to take it. Unluckily, the other dog was much bigger than he was. Leonard ended up losing a tooth in the scuffle.","Charlie the puppy was running out on a pier with a pork chop in his mouth. As he ran he
accidently dropped it and it vanished into the bay. Thus, he was left with nothing to eat. Then Charlie saw another puppy with a pork chop in his mouth. Since he had lost his own
pork chop he reached out to take it. Unfortunately, the other puppy was much larger than he was.","Charlie was walking through a hotel with an expensive pocket watch in his hand. As he walked he accidently dropped it and it shattered on the floor. Consequently, he was left without a watch.
Then Charlie saw another man with an expensive watch. Since he had broken his own watch he reached out to take it. Unfortunately, the man was a policeman.","Charlie was walking through a hotel with an expensive pocket watch in his hand. Then he noticed another man with an expensive watch.
Not realizing it was just his reflection, and since he was also quite greedy, Charlie reached out to take it. Unfortunately, as he opened his hand he dropped his own watch and both watches shattered on the floor. Consequently he was left with no watch at all.","Charlie the puppy was running out on a pier with a pork chop in his mouth. Then he looked down and saw another puppy with a pork chop in his mouth.
Not realizing it was just his reflection, and since he was also quite hungry, Charlie reached down to take it. Unfortunately, as he opened his mouth he dropped his piece and both pieces vanished into the bay. Consequently he was left with no meat at all.","A puppy named Charlie lived under a pier in the city. With another puppy, he would look for food that would appear on the river. One day they saw 2 pork chops floating on the river. Since the other puppy was very large he went in after the chops. Charlie and his friend gratefully sank their teeth into the pork chops for supper.
 "
9,"Boris and Ivan thought well of one anothers' skill in business and resolved to open up a store together.  As ill luck would have it, Ivan was quite absent-minded and he threw out a large amount of cash.  This annoyed Boris who therefore demanded that Ivan have nothing to do with the monetary matters of their new store.  Later, however, Ivan redeemed himself by selling his fancy new stereo set to replace the lost cash.","John and Christian respected each others' technical judgment and decided to form a company.  Unfortunately Christian was so forgetful that he put all their money in the trash.  This upset John, so he insisted that Christian never deal with the proposed company's finances.","John and Christine loved each other and decided to be married.  Unfortunately, Christine was so reckless that she accidently dented John's new car.  This upset John, so he insisted that she never drive his car again.","John and Christine loved each other and decided to be married.  Unfortunately, John discovered that Christine was a very reckless driver.  So he insisted that Christine never drive his new car.  This upset Christine so much that she dented John's new car hoping that John would be hurt.","John and Christian respected each others' technical judgment and decided to form a company.  Unfortunately, John learned that Christian was notoriously forgetful, so he insisted that Christian never deal with the proposed company's finances.  This upset Christian so much that he put all their money in the trash to get back at John.",John and Christian both had a great deal of technical knowledge about the finance world.  They both valued the advice of a certain brokerage company.  This company had some very eccentric ways of money; they kept a large amount of money in a trash can in the office.  Yet they never had any problems with this unusual financial arrangement.
10,"Two small countries, Bolon and Salam, were adjacent to a large, warlike country called Mayonia.
Bolon decided to make the best of the situation by taking over Salam. Salam started looking for aid from other strong countries but soon Bolon succeeded in taking it over.
Then victorious Bolon proposed to make a treaty with its warlike neighbor Mayonia. Bolon proposed to give Mayonia control over Salam in exchange for a guarantee that Bolon would remain independent.
Mayonia responded by overrunning both Bolon and Salam. Bolon was so busy maintaining control of Salam, it could do nothing to stop Mayonia. Therupon, Mayonia installed puppet governments in both Bolon and Salam, and took over the newspapers and radio stations.","Two weak nations, Lincoln and Moreland, bordered a third nation known as Chad. Chad was aggressive and very powerful.	Moreland decided to make the best of the situation by overpowering Lincoln. Lincoln started to seek protection from other powerful nations but Moreland eventually succeeded in conquering it.
Then triumphant Moreland offered to make a pact with its aggressive neighbor Chad. Moreland offered to give Chad control over Lincoln in exchange for being left alone itself.
When Chad got into the action it invaded both Lincoln and Moreland. And Moreland was so drained from battle, it could do nothing to prevent it.","Two sixth-grade boys, Lincoln and Moreland were walking to school together when they met Chad. Chad was a mean high school boy who was known to rob younger kids.
Moreland was scared but he decided to make the best of the situation by overpowering Lincoln. Immediately, Lincoln started running to find a policeman but Moreland ran after Lincoln and eventually succeeded in catching him.
When Chad arrived Moreland offered to let him rob Lincoln in exchange for being left alone himself. But Chad robbed both of them. Moreland was so busy holding Lincoln down, he could do nothing to prevent it.","Two seventh graders, Lincoln and Moreland, were walking to school together when they met Chad. Chad was a mean high school boy who was known to rob younger kids.Moreland was scared but he decided to make the best of the situation by offering to help Chad rob Lincoln in exchange for being left alone himself.
But Lincoln overheard and started running to find a policeman. Immediately, Moreland took off after him and eventually succeeded in catching him.
When Chad arrived he robbed both of them. And Moreland was so exhausted, he could do nothing to prevent it.","Two weak nations, Lincoln and Moreland, bordered a third nation known as Chad. Chad was aggressive and very powerful.
Moreland decided to make the best of the situatuion by offering to help conquer Lincoln in exchange for being left alone itself.
But Lincoln somehow received word of the agreement and began to seek protection from other powerful nations. Immediately, Moreland invaded Lincloln and eventually succeeded in conquering it.
When Chad got into the action it invaded both Lincoln and Moreland. And Moreland was so drained from battle, it could do nothing to prevent it.","Two weak nations, Lincoln and Moreland bordered each other. Both countries relied heavily on the tourist trade to keep their economies afloat. They competed with each other over which one of them would get the most tourists.
Meanwhile, another nearby nation, Chad had a very strong economy with a thriving tourist trade. Tourist cruises flocked into its harbors and planes full of visitors were constantly landing in its airport. Because of this Moreland tried to join forces with Chad in its new advertising
campaign to entice still more tourists. Unfortunately a hurricane hit the coast and bankrupted all three nations."
11,"     A farmer named Beedle had a choice apricot tree that he valued above all the rest in his garden.  Every year Beedle gave presents of fruit from this tree to everyone he knew.
     But one year the tree began to wither and there was no moreof the wonderful fruit.  Everyone was very unhappy.
     The judge had enjoyed the apricots from the tree very much -so much so that he resolved to take the tree to his own garden to take care of it.   He paid Beedle very well and had the tree moved to his own grounds.  Fortunately, as soon as it was transplanted, the tree bore delicious apricots again.  That very year, the fruit won first prize in the county fair.","     A grower, Mr. Gerson, had many grapevines in his vineyard  but there was one that he valued above the rest.  Occasionally, Mr. Gerson presented grapes form this vine as gifts to his friends.
     However, one autumn the vine began to dry up and there were no more of the marvelous grapes.  Everyone was extremely disappointed.
     The mayor liked the grapes from this vine so much that he decided he would buy the vine and put it in his own yard where he could look after it.  He paid Mr. Gerson very well and had the vine moved to his estate.  Upon being moved, the vine produced marvelous grapes again.","     Mr. Gerson had several pets but he valued the canary above all the rest.  Occasionally, he invited friends over to hear the canary sing.  
     However, one autumn the canary became very ill and there were no more of its beautiful songs.   Everyone was extremely disappointed.   
     A  veterinarian  friend  had liked the canary's songs  so much that he decided he would buy the canary and put it in his office where he could look after it.   He  paid  Mr. Gerson very well. Upon being moved, the canary sang beautiful songs again.","     Mr. Gerson had several pets but he valued the canary above all the rest.  Occasionally, he invited friends over to hear the canary sing.
     A wealthy businessman liked the canary's songs so much that one autumn he decided he wanted the bird in his house in the city where he could enjoy it every day.  He paid Mr. Gerson very well and had the canary moved to his house.
     However, upon being moved the canary became fatally ill and there were no more of its beautiful songs.  Everyone was extremely disappointed.","     A grower, Mr. Gerson, had many grapevines in his vineyard but there was one that he valued above all the rest.  Occassionally, Mr. Gerson presented grapes from this vine as gifts to his friends.
     The mayor liked the grapes from this vine so well that one autumn he decided he wanted the vine in his own yard where he could enjoy them every day. He paid Mr. Gerson very well and had the vine moved to his estate.
     However, upon being moved, the vine dried up and there were no more of the marvelous grapes.  Everyone was extremely disappointed.","     A grower, Mr. Gerson, had many grapevines but one of these grapevines was very special to him.  This vine was the first vine he had planted many years ago.  Further more its grapes made a rare and unusual wine.  Unfortunately, the vine was planted in the way of a proposed new orchard for the mayor.  Mr. Gerson pleaded with the mayor, and even tried to give him a gift, but to no avail.  Soon the vine dried up and died, and Mr. Gerson was very upset.  "
12,"      Morris was a simple-minded prisoner who loved to play the harmonica at night.  Finally, his cellmate got tired of this and demanded that he shut up.  He should always play during the day, the cellmate insisted.
     The next night, Morris escaped from prison and hid in a boxcar.  But then Morris remembered that his cellmate said he should play harmonica every day, so he started playing.  Immediately, Morris was nabbed by the cops.  Poor, simple-minded Morris wished he hadn't paid any attention to his cellmate.  Back in his cell, he devoted himself to covering the walls with obscenites.","     A convict named Denny loved to play the kazoo, but he would only play it long after dark.  Eventually the convict in the next cell got fed-up and told him he should always play during the day time.
     A few days later, Denny snuck out of jail and hid in a railroad car.  But after awhile he began to play the kazoo because be thought the convict in the next cell had said he should play every day.  Right away the police caught him and Denny wished he hadn't listened to the convict in the next cell.","     A little girl named Jenny loved to play with her dog in her neighbor's yard.  Eventually, the neighbor got fed-up and told her she should always play with her dog in her own yard. 
       A few days later, Jenny snuck out of the house without doing her chores and hid at the playground.  But after awhile she went home to play with her dog because she thought her neighbor said she should every day.  Right away her mother caught her and the little girl wished she hadn't listened to her neighbor.","     A little girl named Jenny wished she could run away from home.  She loved to play with her dog every day, but only in her neighbor's yard.  Eventually, her neighbor got fed-up and told her to always play in her own yard.
     But Jenny refused to listen because she thought it was bad luck to play in her own yard.  The last time she did it her mother caught her right away and made her go to work.","     A convict named Denny wished he could break out of jail.  He loved to play the kazoo in jail every day but he would only play it long after dark.  Eventually, the convict in the next cell got fed-up and told him to stop and always play during the daytime.
     But Denny refused to listen because he thought it was bad luck to play during the day.  The last time he had done that guards had caught him right away and thrown him into solitary confinement.","Denny was a convict in the local jail.  This jail had an unusual method of rehabilitation.  The convicts were encouraged to develop their musical abilities in the form of a kazoo band.  Denny and the convict in the next cell were in the band.  They practiced every day and every night in an abandoned caboose in the jailyard.  One year the band was so good they even played a benefit concert for the local police.
 "
13,"King Otto was a warmonger who was obsessed with conquest and riches. One year he decided to rebuild all the bridges of the kingdom to make them strong enough for all his armies.
Otto's counselor, the chamberlain, complained that he was spending too much money on the. bridges and not enough on actual military campaigns. Because of all the construction too many of the bridges were out of commission being worked on. Otto decided that the chamberlain was right and he abandoned the bridge project to mount a full-scale invasion of a neighboring country.
Then one day when King Otto was travelling through his kingdom his carriage crashed through an unfinished bridge. He was severely injured but the mishap made it clear to him that he needed to balance his military and domestic expenditures. Also, he ordered the chamberlain to get him a new crown because the old one had gotten smashed in the crash.","Emperor Cornelius thought about nothing but war. He was obsessed with victory and treasure. One year he decided to renovate all the roads of the empire to make them safe enough for his armed forces.
But before the roads were finished, the emperor's closest advisor, the prime minister, complained that he was spending too much of the royal treasury on the roads and not enough on actual warfare. As a result, the roads were constantly under construction and were seldom usable. Cornelius decided that the prime minister was right and he went back to thinking about nothing but war.
     Then one evening when Cornelius was riding in the countryside, an unmaintained overpass collapsed under his horse-drawn coach. He was severely injured but the accident showed him that he should try to balance his spending between war and maintaining his empire.","Cornelius was an astronomer who thought about nothing but astronomy. He was obsessed with stars and galaxies. Gradually he was turning his home into an observatory.
But before he was finished his wife Agatha complained that he was spending too much time renovating the house and not enough on his job which was astronomy. As a result, the house was no longer livable. Cornelius decided that Agatha was right and he went back to thinking about nothing but astronomy.
Then, one evening when Cornelius was walking through his house, an unfinished floor collapsed under his weight. Cornelius was severely injured but the accident showed him that he should try to balance his time between astronomy and maintaining his home.","Cornelius was an astronomer who thought about nothing but astronomy. He was obsessed with stars and galaxies.
His wife Agatha complained that he was spending too much time on astronomy and not enough on maintaining his own house. As a result, the roof was gradually leaking more and more and the house was becoming almost unlivable. But Cornelius would not listen.
Then, one evening when Cornelius was walking through his house, a rotten floor collapsed under his weight. Cornelius was severely injured but the accident showed him that Agatha had been right all along. He decided to try to balance his time between astronomy and maintaining his home.","Emperor Cornelius thought about nothing but war. He was obsessed with victory and treasure.
The emperor's closest advisor, the prime minister, complained that he was spending too much of the royal treasury on war and not enough on maintaining his own empire. As a result, the roads of the empire were being neglected and they were gradually beginning to deteriorate. But Emperor Cornelius didn't listen.
Then, one evening when Cornelius was riding in the countryside, an unmaintained overpass collapsed under his horse-drawn coach. He was severely injured but the accident showed him that the prime minister had been right all along.- Cornelius decided to try to balance his spending between war and maintaining his empire.","King Cornelius loved to go for rides in his gilded coach. One day he was riding on his way to inspect a newly constructed overpass when his coach ran into some half build battlements on the road. He realized that they had been put there because of the long standing feud with the adjoining nation. He was extremely upset about this, especially since his prime minister was severely bruised when they hit. the battlements. He ordered extensive repairs to his coach, even though the cost would be high. He also arranged to visit a number of newly build overpasses in a safe part of his domain."
14,"     Frederick the shepherd was tending his flock at the edge of a forest.  Suddenly, a lion appeared out of the forest.  Frederick was really scared so he started shouting to scare the lion away.  But the shouting did nothing but attract the lion's attention and it began walking towards him.  He then realized he should have left it alone. 
     To escape, Frederick gave the lion a lamb.  While the lion was occupied, he led the rest of the flock away.  Eventually, he guessed they were far enough away to be safe from the lion.  So he took a nap on the grass.
     However, when he awoke he notice another lamb was missing and he could not find it anywhere!  At the next opportunity, Frederick bought a blunderbuss so he could better defend his flock in the future.","     Zebediah the cowherder was watching over his herd at the edge of the woods.  Suddenly, a monstrous tiger came out of the woods.  Zebediah was very frightened so he started yelling for the tiger to go away.  The yelling only caught the tiger's attention and it began walking toward the cowherd.  He wished he had left the tiger alone. 
     To escape, Zebediah gave the tiger a calf.  While the tiger was occupied, Zebediah took the remainder of the herd to a safe place.  He figured he was safe and dozed off. When woke he was surprised to dicover another calf missing.  He could not find it anywhere!","     Zebediah, the old miser, was sitting on his back porch counting his money.  Suddenly, a beggar came out of the forsythia bushes.  Zebediah was very frightened so he started yelling for the beggar to go away.   The yelling only caught the beggar's attention and he began walking towards the old man.  The miser wished he had left the beggar alone.
     To escape, Zebediah threw a bag of coins to the beggar.  While the beggar was occupied, Zebediah took the last few bags of money into the house and locked the door. 
     Zebediah figured that he was safe inside and he dozed off in an easy chair.  When he awoke he was surprised to discover another bag of coins was missing.  He could not find it anywhere!","     Zebediah, the old miser, was sitting on his back porch counting his money and he dozed off.  When he awoke he discovered that one bag of coins was missing.  He could not find the bag anywhere.  Zebediah figured that the thief was still nearby so he started yelling for whoever took the money to show his face.
     Suddenly, a beggar came out of the forsythia bushes and started walking towards the old man on the porch.  Zebediah was surprised and very frightened.  He wished he had left the beggar alone.  
     To escape, he threw a second bag of coins to the beggar.  While the beggar was occupied, Zebediah took the last few bags of money into the house and locked the door!","     Zebediah the cowherd was watching over his herd and he dozed off.  When he awoke he discovered that one calf was missing.  He could not find it anywhere.  Zebediah figured that the thief was still nearby so he started yelling for whoever stole the calf to show his face.
     Suddenly a monstrous tiger came out of the woods and started walking towards him.  Zebediah was surprised and very frightened.  He wished he had left the tiger alone.
     To escape, he gave the tiger a second calf.  While the tiger was occupied, Zebediah took the remainder of the herd to a safer place!","     Zebediah was a cowherd.  Although his herd was small, he enjoyed the outdoor life.  As company, he kept an old cougar that had wandered into camp a a cub.  But one day he awoke from a pleasant mid-day nap to find that this cougar was missing.  He called and called but it did not come.  In desperation, he finally ran out to the field where his herd was grazing.  There was the cougar, sitting placidly amid the cows and sheep. "
15,"Mark the chicken farmer was standing in the henhouse collecting eggs while his chickens were out in the yard. When his chickens returned, they all began to attack him, for some unknown reason.
""You ungrateful beasts!"" Mark screamed. The chickens chased him out of the henhouse and into the woods.
While they were gone, a thief slipped into the yard and made off with the unguarded eggs. After he got out of the hospital, Mark quit chicken farming and went on a vacation in Africa.","Lyle the poultry raiser was thinking about his nests while his poultry were out in the field. While he was thinking the poultry returned and they all started to peck him, for some unknown reason.
""You thankless monsters!"" Lyle screamed. The poultry chased him down the road and into the forest.
A burglar came into the garden while they were away and stole all of the nests.","Linda, the director of a girl scout camp, was thinking about the camp on the beach while all the girls were hiking in the hills nearby. While she was standing there the girl scouts returned and they all started pestering her with questions about what was for dinner, could they go swimming, and so on.
""Why do you pester me when I am racking my brain to figure out what we're going to do?"" Linda screamed as she ran off the beach and down the road. ""Show a little appreciation!"" The scouts followed her, still yelling.
A short time later, a tidal wave hit the beach and washed away all the sleeping bags.","A tidal wave hit a girl scout camp on the beach while everyone was away and washed away all of the sleeping bags. A short time later, Linda, the camp director, came back and discovered the tragedy.
She stood on the beach thinking about what to do. While she was thinking, the girl scouts returned from hiking in the hills. Since they could not find their sleeping bags they attacked their director. What'll we do now? Where will we sleep?...they said.
""Why do you pester me when I am racking my brain to figure out what we are going to do?"" the camp director screamed as she ran down the road. ""Show a little appreciation!""","A burglar came into the barn of Lyle the poultry raiser while Lyle was away and stole all the
nests. A short time later, Lyle came home and discovered what had happened.
He stood in the barn thinking about what to do. While he was thinking, the poultry returned
from the field. Since they could not find their nests they began to peck Lyle.
""Why do you attack me when I am racking my brains to think how I am going to get your
nests back?"" Lyle screamed as he ran into the forest. ""You thankless monsters!""","Lyle, a poultry producer, took a trip to the city to see about selling some of his turkeys. One day while he was there he was attacked and robbed by a big city burglar. Lyle was so upset that all he wanted to do was get back to his forest and his farm. He kept thinking about his cozy turkey coop and wishing he were home. He hoped that while he was gone the turkeys had had a lot of chicks."
16,"Two pioneers, Smith and Johnson, discovered a gorgeous little valley that was as yet unclaimed in Oregon Territory.  Each of them wanted the land for himself, so soon they were fighting over who saw it first.
     While they were fighting over it, Sheriff Jones came along and divided the land evenly between them.  In the end, Smith and Johnson realized that they should have done that on their own.  From that day forward they were the best of friends, and they helped build each others' houses.","     Baggle and Norton were settlers who discovered a beautiful canyon out west, which no one had settled yet.  Both of them wanted the canyon, so soon they were arguing desperately over who saw it first. 
     While they were busy arguing over the canyon, Constable Leigh came along and divided it between them.  Then Baggle and Norton realized the they should have done that themselves.","     Betty and Norma were walking towards each other, when they simultaneously discovered a twenty dollar bill on the floor.  Both of them wanted the money so soon they were arguing desperately over who saw it first.
     While they were busy arguing, their teacher Mrs. Lee, came along, took the money and divided it between them.  Then Betty and Norma realized that they should have done that themselves.","     Betty and Norma were walking towards each other when they simultaneously discovered a twenty dollar bill on the floor.  Both of them wanted the money so soon they were arguing desperately over who saw it first. 
     While they were busy arguing over the money, Lee came along and took it herself.  By the time Betty and Norma realized they should just divide it up, it was too late.","     Baggle and Norton were settlers who discovered a beautiful canyon out west, which no one had settled yet.  Both of them wanted the canyon, so soon they were arguing desperately over who saw it first.
     While they were busy arguing over the canyon Constable Leigh came along and took it himself.  By the time Baggle and Norton realized they should just divide it up, it was too late.",NONE WRITTEN
17,"Once there was a teacher named Mrs. Jackson who wanted a salary increase. One day, the principal said that he was increasing his own salary by 20 percent. However, he said, there was not enough money to give the teachers a salary increase.
When Mrs. Jackson heard this she became so angry that she decided to take revenge. The next day, Mrs. Jackson used gasoline to set fire to the principal's office. Then she went to a bar and got drunk.","Professor Rosie McGhee very much wanted a raise. One day the provost announced that he was giving himself a raise. However, he said that since money was short, no one else would get a raise this year.
After Professor McGhee heard this she became so upset that she decided to get even. One hour later, Professor McGhee blew up the administration building with dynamite.","McGhee was a sailor who wanted a few days of vacation on land. One day, the captain announced that he would be taking a vacation in the mountains. However, he said, everyone else would have to remain on the ship.
After McGhee heard this he became so upset that he decided to get revenge. Within an hour McGhee blew up the captain's cabin with dynamite.","McGhee was a sailor who wanted a few days of vacation on land. One day McGhee became so impatient that he tried to blow up the captain's cabin using dynamite.
After this incident, the captain announced that he would be taking a vacation in the mountains. However, he said, everyone else would have to remain on board to repair the ship.","Professor McGhee very much wanted a raise. One day she became so impatient that she used kerosene to burn down the administration building.
After the fire, the provost announced that he was giving himself a raise. However, he said that due to the fire, there was not enough money to give one to anyone else.","One day Professor McGhee was at a gasoline station when the dean of her college drove up. They began to talk about the price of gasoline and the 25 percent increase that had just been instituted. Professor McGhee became very angry at this increase. Unfortunately, she did not have time to dwell on her anger because her car had caught on fire. The provost helped her put it out and then retreated to the safety of the administration building."
18,"A cobra called Pierre was slithering through the brush when a falcon came towards it.  Pierre became frightened and struck, wounding the falcon in the abdomen.  To teach him a lesson, the falcon grabbed the cobra and flew away with it.
     Unfortunately for both of them, after they were high above the earth the wounded falcon became too weak to fly.  Consequently, they plummeted straight down to the earth and perished.  They landed, strangely enough, in the middle of an outdoor wedding ceremony.","Gene the rattlesnake was going across a field when it met a raven.  Gene panicked and bit the raven in the stomach.  The raven wanted to set the rattlesnake straight, so it grabbed the snake and took to the air with it.
     Unfortunately, once they were in the air, the bleeding raven became too faint to continue.  Consequently, they both fell from the sky and died when they hit the rocky ground below.","Young Gene was walking home from school when a policeman approached him.  Suddenly Gene panicked and hit the policeman in the side of the head.  The policeman wanted to set the boy straight.  He grabbed Gene and drove away with him.
     Unfortunately, once they were on the road the policeman became too dizzy to drive. Consequently, they ran off the road and died when they hit a wall.","Young Gene was walking home from school when he met a policeman.  Suddenly, the policeman grabbed him and drove away with him.
     Once they got onto the freeway, Gene panicked and hit the policeman in the side of the head.  Unfortunately, the policeman became too dizzy to drive.  Consequently, they ran off the road and died when they hit a wall.","Gene the rattlesnake was going across a field when it met a raven.  Suddenly, the raven grabbed the snake and took to the air with it.  
     Once they were in the air, Gene panicked and bit the raven in the stomach,  Unfortunately, the bleeding raven became too faint to continue.  Consequently, they both fell from the sky and died when they hit the rocky ground below.","Two high school football teams, the Cobras and the Falcons,  were playing each other.  The Falcons were a much better team than the Cobras and the game was getting pretty rough.  During the game one of the Falcon players was hit in the stomach by a Cobra.  A huge fight broke out and both teams were diqualified."